{
  "levels": [
    1,
    5,
    10,
    20,
    50
  ],
  "results": {
    "elasticsearch": {
      "1": {
        "avg_ms": 27.029194831848145,
        "p95_ms": 34.2387318611145,
        "p99_ms": 73.50963830947863,
        "throughput_qps": 36.765628784962566
      },
      "5": {
        "avg_ms": 61.29513216018677,
        "p95_ms": 84.10818576812741,
        "p99_ms": 112.13154554367054,
        "throughput_qps": 80.78495870750969
      },
      "10": {
        "avg_ms": 128.2012460231781,
        "p95_ms": 179.9584984779358,
        "p99_ms": 219.2888784408569,
        "throughput_qps": 76.18366674273885
      },
      "20": {
        "avg_ms": 261.655274271965,
        "p95_ms": 382.78560638427734,
        "p99_ms": 465.20560026168704,
        "throughput_qps": 74.2495044826593
      },
      "50": {
        "avg_ms": 653.7769971609116,
        "p95_ms": 953.1540870666502,
        "p99_ms": 1166.746394634247,
        "throughput_qps": 73.65115879661802
      }
    },
    "pgvector": {
      "1": {
        "avg_ms": 58.199464082717896,
        "p95_ms": 96.11698389053339,
        "p99_ms": 202.6229882240294,
        "throughput_qps": 17.17302432973813
      },
      "5": {
        "avg_ms": 66.36807799339294,
        "p95_ms": 101.4020681381225,
        "p99_ms": 144.36559677124023,
        "throughput_qps": 74.5383652383522
      },
      "10": {
        "avg_ms": 115.19553911685944,
        "p95_ms": 168.81369352340695,
        "p99_ms": 243.21600914001465,
        "throughput_qps": 85.72830147129783
      },
      "20": {
        "avg_ms": 196.10728347301483,
        "p95_ms": 284.96208190917963,
        "p99_ms": 352.565746307373,
        "throughput_qps": 101.0128793526059
      },
      "50": {
        "avg_ms": 488.5698127269745,
        "p95_ms": 698.6865997314453,
        "p99_ms": 828.6322093009956,
        "throughput_qps": 101.25067506118927
      }
    },
    "qdrant": {
      "1": {
        "avg_ms": 20.559521913528442,
        "p95_ms": 36.164307594299316,
        "p99_ms": 45.89424133300781,
        "throughput_qps": 48.60678472098407
      },
      "5": {
        "avg_ms": 37.69644117355347,
        "p95_ms": 60.24036407470702,
        "p99_ms": 83.25730800628658,
        "throughput_qps": 131.08448989405272
      },
      "10": {
        "avg_ms": 65.0282335281372,
        "p95_ms": 99.23468828201294,
        "p99_ms": 121.24397277832031,
        "throughput_qps": 151.40327651712082
      },
      "20": {
        "avg_ms": 123.67247571037312,
        "p95_ms": 203.7806510925293,
        "p99_ms": 271.58379554748535,
        "throughput_qps": 159.25117732536947
      },
      "50": {
        "avg_ms": 349.4668653622854,
        "p95_ms": 633.2416296005249,
        "p99_ms": 870.3021955490108,
        "throughput_qps": 140.96037468947864
      }
    },
    "redis": {
      "1": {
        "avg_ms": 3.8228166103363037,
        "p95_ms": 5.211591720581052,
        "p99_ms": 6.883254051208485,
        "throughput_qps": 259.9981217520025
      },
      "5": {
        "avg_ms": 6.527181148529053,
        "p95_ms": 9.634578227996824,
        "p99_ms": 37.76073217391957,
        "throughput_qps": 757.6314911975526
      },
      "10": {
        "avg_ms": 11.49704360961914,
        "p95_ms": 19.55729722976684,
        "p99_ms": 28.195240497589072,
        "throughput_qps": 847.9834911966426
      },
      "20": {
        "avg_ms": 23.107229709625244,
        "p95_ms": 47.873854637145996,
        "p99_ms": 81.58385753631586,
        "throughput_qps": 835.6663400651499
      },
      "50": {
        "avg_ms": 55.90314817428589,
        "p95_ms": 124.73784685134885,
        "p99_ms": 192.03091859817516,
        "throughput_qps": 845.0758597056537
      }
    }
  }
}