{
  "levels": [
    1,
    5,
    10,
    20,
    50
  ],
  "results": {
    "elasticsearch": {
      "1": {
        "avg_ms": 16.826813220977783,
        "p95_ms": 20.546245574951172,
        "p99_ms": 22.970442771911603,
        "throughput_qps": 59.12322274046441
      },
      "5": {
        "avg_ms": 31.019541025161743,
        "p95_ms": 40.93552827835083,
        "p99_ms": 47.67044544219971,
        "throughput_qps": 159.57311464752192
      },
      "10": {
        "avg_ms": 63.89452409744263,
        "p95_ms": 83.71673822402954,
        "p99_ms": 95.8245062828064,
        "throughput_qps": 154.8277031727301
      },
      "20": {
        "avg_ms": 131.40477013587952,
        "p95_ms": 174.8421311378479,
        "p99_ms": 270.889172554016,
        "throughput_qps": 149.77485808597552
      },
      "50": {
        "avg_ms": 499.71346776485444,
        "p95_ms": 793.6568140983579,
        "p99_ms": 1060.3779315948489,
        "throughput_qps": 98.36406294115805
      }
    },
    "pgvector": {
      "1": {
        "avg_ms": 99.17415857315063,
        "p95_ms": 133.37081670761103,
        "p99_ms": 172.9384398460386,
        "throughput_qps": 10.080519584520424
      },
      "5": {
        "avg_ms": 135.88393712043762,
        "p95_ms": 181.1825037002563,
        "p99_ms": 228.7777304649353,
        "throughput_qps": 36.62878656586324
      },
      "10": {
        "avg_ms": 255.86502277851105,
        "p95_ms": 354.92566823959345,
        "p99_ms": 447.58673191070557,
        "throughput_qps": 38.74791698850327
      },
      "20": {
        "avg_ms": 519.7974687814713,
        "p95_ms": 819.1525936126707,
        "p99_ms": 960.5043864250177,
        "throughput_qps": 37.75387332999797
      },
      "50": {
        "avg_ms": 1381.6395970106125,
        "p95_ms": 2375.2786278724648,
        "p99_ms": 3265.5088448524475,
        "throughput_qps": 35.76408091971543
      }
    },
    "qdrant": {
      "1": {
        "avg_ms": 20.887428522109985,
        "p95_ms": 34.41751003265381,
        "p99_ms": 37.72016048431396,
        "throughput_qps": 47.815260877525425
      },
      "5": {
        "avg_ms": 37.53507113456726,
        "p95_ms": 54.1478157043457,
        "p99_ms": 82.47804880142212,
        "throughput_qps": 130.87074533194422
      },
      "10": {
        "avg_ms": 60.63173270225525,
        "p95_ms": 76.0878562927246,
        "p99_ms": 106.61855220794673,
        "throughput_qps": 161.72270237479555
      },
      "20": {
        "avg_ms": 127.6781353354454,
        "p95_ms": 179.77011203765863,
        "p99_ms": 280.0128483772271,
        "throughput_qps": 152.40534128196396
      },
      "50": {
        "avg_ms": 311.2647036075592,
        "p95_ms": 433.1576347351074,
        "p99_ms": 632.149291038514,
        "throughput_qps": 153.36529026151592
      }
    },
    "redis": {
      "1": {
        "avg_ms": 2.0908939838409424,
        "p95_ms": 3.232586383819576,
        "p99_ms": 4.224030971527096,
        "throughput_qps": 474.6174989221736
      },
      "5": {
        "avg_ms": 3.23567271232605,
        "p95_ms": 5.474781990051268,
        "p99_ms": 9.88709449768066,
        "throughput_qps": 1509.9639960529219
      },
      "10": {
        "avg_ms": 5.9109965562820435,
        "p95_ms": 11.62421703338623,
        "p99_ms": 15.74352979660034,
        "throughput_qps": 1658.630104050339
      },
      "20": {
        "avg_ms": 11.434508860111237,
        "p95_ms": 24.016118049621575,
        "p99_ms": 36.9735360145567,
        "throughput_qps": 1649.5069485949778
      },
      "50": {
        "avg_ms": 31.825147318840028,
        "p95_ms": 74.29481744766235,
        "p99_ms": 123.81784200668359,
        "throughput_qps": 1461.5127163123348
      }
    }
  }
}