{
  "levels": [
    1,
    5,
    10,
    20,
    50
  ],
  "results": {
    "elasticsearch": {
      "1": {
        "avg_ms": 39.37068223953247,
        "p95_ms": 55.7523250579834,
        "p99_ms": 101.5301942825317,
        "throughput_qps": 25.320596398692974
      },
      "5": {
        "avg_ms": 85.61670923233032,
        "p95_ms": 123.4438061714172,
        "p99_ms": 237.47615337371812,
        "throughput_qps": 58.01811267783704
      },
      "10": {
        "avg_ms": 161.72387433052063,
        "p95_ms": 227.92415618896476,
        "p99_ms": 301.72035694122314,
        "throughput_qps": 61.303992393301826
      },
      "20": {
        "avg_ms": 319.3968945145607,
        "p95_ms": 514.255654811859,
        "p99_ms": 770.6484746932971,
        "throughput_qps": 60.56198655746243
      },
      "50": {
        "avg_ms": 921.1088237047195,
        "p95_ms": 1949.8234152793884,
        "p99_ms": 2849.1935420036316,
        "throughput_qps": 49.91818444388449
      }
    },
    "pgvector": {
      "1": {
        "avg_ms": 18.14322590827942,
        "p95_ms": 30.604660511016814,
        "p99_ms": 48.8781929016113,
        "throughput_qps": 54.48803568304942
      },
      "5": {
        "avg_ms": 43.645129919052124,
        "p95_ms": 80.65875768661496,
        "p99_ms": 119.44000244140624,
        "throughput_qps": 112.29946366568414
      },
      "10": {
        "avg_ms": 66.26660132408142,
        "p95_ms": 110.15021800994873,
        "p99_ms": 145.38468837738037,
        "throughput_qps": 144.33612448979724
      },
      "20": {
        "avg_ms": 119.85903114080429,
        "p95_ms": 221.47746086120597,
        "p99_ms": 318.7967348098754,
        "throughput_qps": 160.566824890154
      },
      "50": {
        "avg_ms": 273.8849457025528,
        "p95_ms": 659.2427611351013,
        "p99_ms": 1078.1350803375253,
        "throughput_qps": 164.1521327154814
      }
    },
    "qdrant": {
      "1": {
        "avg_ms": 21.68047547340393,
        "p95_ms": 44.79316473007202,
        "p99_ms": 60.878069400787325,
        "throughput_qps": 35.06442830711487
      },
      "5": {
        "avg_ms": 58.52840805053711,
        "p95_ms": 93.19905042648313,
        "p99_ms": 115.12176275253296,
        "throughput_qps": 66.47769708911396
      },
      "10": {
        "avg_ms": 111.38030588626862,
        "p95_ms": 188.19137811660767,
        "p99_ms": 237.85030841827387,
        "throughput_qps": 64.94541028600194
      },
      "20": {
        "avg_ms": 245.37231183052063,
        "p95_ms": 488.58743906021095,
        "p99_ms": 661.8913960456837,
        "throughput_qps": 60.94276432572965
      },
      "50": {
        "avg_ms": 215.82921280860901,
        "p95_ms": 403.65110635757406,
        "p99_ms": 526.3443922996529,
        "throughput_qps": 120.40506541442532
      }
    },
    "redis": {
      "1": {
        "avg_ms": 3.228234052658081,
        "p95_ms": 4.5812010765075675,
        "p99_ms": 5.439021587371803,
        "throughput_qps": 300.82707103960354
      },
      "5": {
        "avg_ms": 5.234267234802246,
        "p95_ms": 8.390748500823975,
        "p99_ms": 15.70241451263427,
        "throughput_qps": 918.4892232058294
      },
      "10": {
        "avg_ms": 10.854546189308167,
        "p95_ms": 20.51616907119751,
        "p99_ms": 31.765606403350816,
        "throughput_qps": 878.8856939451072
      },
      "20": {
        "avg_ms": 52.439312279224396,
        "p95_ms": 151.25610828399658,
        "p99_ms": 258.4614539146423,
        "throughput_qps": 347.5017653968465
      },
      "50": {
        "avg_ms": 123.71599068641663,
        "p95_ms": 241.9727087020873,
        "p99_ms": 417.67675161361734,
        "throughput_qps": 380.7865510345731
      }
    }
  }
}