{
  "levels": [
    1,
    5,
    10
  ],
  "results": {
    "elasticsearch": {
      "1": {
        "avg_ms": 22.745758295059204,
        "p95_ms": 26.197516918182366,
        "p99_ms": 29.93831157684326,
        "throughput_qps": 43.774784931773844
      },
      "5": {
        "avg_ms": 54.47667360305786,
        "p95_ms": 73.05710315704346,
        "p99_ms": 83.92953157424921,
        "throughput_qps": 90.63645670418602
      },
      "10": {
        "avg_ms": 104.52190637588501,
        "p95_ms": 135.98052263259888,
        "p99_ms": 144.7917675971985,
        "throughput_qps": 94.5571951508119
      }
    },
    "pgvector": {
      "1": {
        "avg_ms": 35.64913868904114,
        "p95_ms": 53.93668413162231,
        "p99_ms": 55.3096604347229,
        "throughput_qps": 28.040610477529945
      },
      "5": {
        "avg_ms": 62.31313705444336,
        "p95_ms": 90.32869338989254,
        "p99_ms": 119.66183900833121,
        "throughput_qps": 79.42086428404932
      },
      "10": {
        "avg_ms": 95.41641652584076,
        "p95_ms": 136.99638843536374,
        "p99_ms": 151.83212280273435,
        "throughput_qps": 102.33237593784918
      }
    },
    "qdrant": {
      "1": {
        "avg_ms": 35.443854331970215,
        "p95_ms": 31.211233139038086,
        "p99_ms": 540.4199814796443,
        "throughput_qps": 28.20292192428293
      },
      "5": {
        "avg_ms": 68.98995637893677,
        "p95_ms": 33.91838073730467,
        "p99_ms": 1962.7698612213135,
        "throughput_qps": 69.59033278824305
      },
      "10": {
        "avg_ms": 122.49895572662354,
        "p95_ms": 59.54326391220086,
        "p99_ms": 3486.4540553092947,
        "throughput_qps": 77.43465436097524
      }
    },
    "redis": {
      "1": {
        "avg_ms": 2.446424961090088,
        "p95_ms": 3.755021095275877,
        "p99_ms": 6.667232513427733,
        "throughput_qps": 406.53313625239286
      },
      "5": {
        "avg_ms": 4.070241451263428,
        "p95_ms": 7.83010721206665,
        "p99_ms": 9.899101257324212,
        "throughput_qps": 1114.7948118222412
      },
      "10": {
        "avg_ms": 7.084720134735107,
        "p95_ms": 14.353549480438229,
        "p99_ms": 23.885931968688958,
        "throughput_qps": 1280.2783808430024
      }
    }
  }
}