{
  "elasticsearch": {
    "baseline_avg_ms": 21.32983922958374,
    "baseline_p95_ms": 29.820668697357185,
    "frag_avg_ms": 27.480374177296955,
    "frag_p95_ms": 35.656774044036865,
    "frag_p99_ms": 50.86872100830071
  },
  "pgvector": {
    "baseline_avg_ms": 98.86479616165161,
    "baseline_p95_ms": 144.16406154632568,
    "frag_avg_ms": 101.29267692565918,
    "frag_p95_ms": 172.82973527908328,
    "frag_p99_ms": 241.41412258148182
  },
  "qdrant": {
    "baseline_avg_ms": 15.692623456319174,
    "baseline_p95_ms": 33.05176496505738,
    "frag_avg_ms": 25.344749291737873,
    "frag_p95_ms": 72.42671251296998,
    "frag_p99_ms": 91.51676177978501
  },
  "redis": {
    "baseline_avg_ms": 2.2245311737060547,
    "baseline_p95_ms": 3.9819598197937016,
    "frag_avg_ms": 1.8097265561421711,
    "frag_p95_ms": 2.6544570922851567,
    "frag_p99_ms": 3.011443614959715
  }
}