{
  "elasticsearch": {
    "baseline_avg_ms": 18.48065455754598,
    "baseline_p95_ms": 22.36957550048828,
    "frag_avg_ms": 18.815553188323975,
    "frag_p95_ms": 22.632861137390137,
    "frag_p99_ms": 23.718023300170895
  },
  "pgvector": {
    "baseline_avg_ms": 35.83833773930868,
    "baseline_p95_ms": 51.329898834228516,
    "frag_avg_ms": 36.374362309773765,
    "frag_p95_ms": 55.895888805389404,
    "frag_p99_ms": 65.95790863037104
  },
  "qdrant": {
    "baseline_avg_ms": 14.97784455617269,
    "baseline_p95_ms": 33.41554403305053,
    "frag_avg_ms": 14.747226238250732,
    "frag_p95_ms": 31.617140769958493,
    "frag_p99_ms": 34.45666790008544
  },
  "redis": {
    "baseline_avg_ms": 2.0815094312032065,
    "baseline_p95_ms": 3.1714200973510738,
    "frag_avg_ms": 1.735985279083252,
    "frag_p95_ms": 2.2695302963256836,
    "frag_p99_ms": 2.4821162223815905
  }
}