{
  "elasticsearch": {
    "baseline_avg_ms": 20.63097397486369,
    "baseline_p95_ms": 24.132204055786133,
    "frag_avg_ms": 29.637959798177082,
    "frag_p95_ms": 41.981315612792976,
    "frag_p99_ms": 52.63222694396971
  },
  "pgvector": {
    "baseline_avg_ms": 42.84536282221476,
    "baseline_p95_ms": 56.759405136108406,
    "frag_avg_ms": 43.32630236943563,
    "frag_p95_ms": 58.852553367614746,
    "frag_p99_ms": 64.46512222290028
  },
  "qdrant": {
    "baseline_avg_ms": 25.12986421585083,
    "baseline_p95_ms": 34.92653369903565,
    "frag_avg_ms": 20.09289026260376,
    "frag_p95_ms": 34.72331762313843,
    "frag_p99_ms": 38.27553510665893
  },
  "redis": {
    "baseline_avg_ms": 4.571851889292399,
    "baseline_p95_ms": 6.533312797546387,
    "frag_avg_ms": 3.312082290649414,
    "frag_p95_ms": 5.209851264953615,
    "frag_p99_ms": 6.087210178375244
  }
}