{
  "elasticsearch": {
    "no_filter_avg_ms": 18.923226992289226,
    "no_filter_p95_ms": 23.867750167846676,
    "filter_avg_ms": 18.44058434168498,
    "filter_p95_ms": 23.823499679565426,
    "filter_p99_ms": 28.3231997489929
  },
  "pgvector": {
    "no_filter_avg_ms": 37.36900885899862,
    "no_filter_p95_ms": 54.45387363433837,
    "filter_avg_ms": 36.64191166559855,
    "filter_p95_ms": 54.203402996063225,
    "filter_p99_ms": 58.03039073944092
  },
  "qdrant": {
    "no_filter_avg_ms": 25.270477930704754,
    "no_filter_p95_ms": 32.539403438568115,
    "filter_avg_ms": 13.664273420969645,
    "filter_p95_ms": 31.95476531982422,
    "filter_p99_ms": 33.58363151550292
  },
  "redis": {
    "no_filter_avg_ms": 1.7473657925923665,
    "no_filter_p95_ms": 2.5489687919616695,
    "filter_avg_ms": 1.8124699592590332,
    "filter_p95_ms": 3.3609509468078613,
    "filter_p99_ms": 3.4473204612731934
  }
}