{
  "elasticsearch": {
    "no_filter_avg_ms": 24.853129386901855,
    "no_filter_p95_ms": 37.814307212829604,
    "filter_avg_ms": 21.906449794769287,
    "filter_p95_ms": 28.418791294097904,
    "filter_p99_ms": 40.734934806823716
  },
  "pgvector": {
    "no_filter_avg_ms": 44.224327405293785,
    "no_filter_p95_ms": 60.34440994262696,
    "filter_avg_ms": 44.89656368891398,
    "filter_p95_ms": 62.48430013656616,
    "filter_p99_ms": 71.51455402374266
  },
  "qdrant": {
    "no_filter_avg_ms": 25.095913410186768,
    "no_filter_p95_ms": 35.46042442321777,
    "filter_avg_ms": 27.383315563201904,
    "filter_p95_ms": 43.89120340347291,
    "filter_p99_ms": 50.31357288360595
  },
  "redis": {
    "no_filter_avg_ms": 3.031965891520182,
    "no_filter_p95_ms": 4.544997215270998,
    "filter_avg_ms": 3.0194338162740073,
    "filter_p95_ms": 4.990947246551514,
    "filter_p99_ms": 5.546340942382812
  }
}