{
  "elasticsearch": {
    "retrieval_avg_ms": 106.65779829025269,
    "rerank_avg_ms": 51.354472637176514,
    "end_to_end_avg_ms": 158.0122709274292
  },
  "pgvector": {
    "retrieval_avg_ms": 58.78351807594299,
    "rerank_avg_ms": 50.7927942276001,
    "end_to_end_avg_ms": 109.57631230354309
  },
  "qdrant": {
    "retrieval_avg_ms": 32.6894736289978,
    "rerank_avg_ms": 50.692912340164185,
    "end_to_end_avg_ms": 83.38238596916199
  },
  "redis": {
    "retrieval_avg_ms": 4.804596900939941,
    "rerank_avg_ms": 50.62120318412781,
    "end_to_end_avg_ms": 55.42580008506775
  }
}