{
  "elasticsearch": {
    "retrieval_avg_ms": 27.58813500404358,
    "rerank_avg_ms": 50.62194466590881,
    "end_to_end_avg_ms": 78.21007966995239
  },
  "pgvector": {
    "retrieval_avg_ms": 42.9770290851593,
    "rerank_avg_ms": 50.73678493499756,
    "end_to_end_avg_ms": 93.71381402015686
  },
  "qdrant": {
    "retrieval_avg_ms": 20.673662424087524,
    "rerank_avg_ms": 50.60402154922485,
    "end_to_end_avg_ms": 71.27768397331238
  },
  "redis": {
    "retrieval_avg_ms": 2.9186010360717773,
    "rerank_avg_ms": 50.68145990371704,
    "end_to_end_avg_ms": 53.60006093978882
  }
}